<?xml version="1.0" encoding="UTF-8"?>
<project name="module_cocos2dxandroidstore" default="compile.module.cocos2dxandroidstore">
  <dirname property="module.cocos2dxandroidstore.basedir" file="${ant.file.module_cocos2dxandroidstore}"/>

  <property name="module.jdk.home.cocos2dxandroidstore" value="${jdk.home.android}"/>
  <property name="module.jdk.bin.cocos2dxandroidstore" value="${jdk.bin.android}"/>
  <property name="module.jdk.classpath.cocos2dxandroidstore" value="jdk.classpath.android"/>

  <property name="compiler.args.cocos2dxandroidstore" value="-encoding UTF-8 -source 1.6 ${compiler.args}"/>

  <property name="cocos2dxandroidstore.output.dir" value="${module.cocos2dxandroidstore.basedir}/out/production/cocos2dxAndroidStore"/>

  <path id="cocos2dxandroidstore.module.bootclasspath">
    <!-- Paths to be included in compilation bootclasspath -->
  </path>

  <path id="cocos2dxandroidstore.module.production.classpath">
    <path refid="${module.jdk.classpath.cocos2dxandroidstore}"/>
    <pathelement location="${basedir}/../../../submodules/android-store/build/AndroidStore.jar"/>
    <pathelement location="${basedir}/../../../../../soomla-cocos2dx-core/build/android/Cocos2dxAndroidCore.jar"/>
    <pathelement location="${basedir}/../../../../../soomla-cocos2dx-core/build/android/SoomlaAndroidCore.jar"/>
    <pathelement location="${basedir}/../../../../../soomla-cocos2dx-core/build/android/square-otto-1.3.2.jar"/>
  </path>

  <path id="cocos2dxandroidstore.runtime.production.module.classpath">
    <pathelement location="${cocos2dxandroidstore.output.dir}"/>
    <path refid="cocos2dxandroidstore.module.production.classpath"/>
  </path>

  <path id="cocos2dxandroidstore.module.classpath">
    <path refid="cocos2dxandroidstore.runtime.production.module.classpath"/>
  </path>

  <path id="cocos2dxandroidstore.runtime.module.classpath">
    <path refid="cocos2dxandroidstore.runtime.production.module.classpath"/>
  </path>


  <patternset id="excluded.from.module.cocos2dxandroidstore">
    <patternset refid="ignored.files"/>
  </patternset>

  <patternset id="excluded.from.compilation.cocos2dxandroidstore">
    <patternset refid="compiler.excluded"/>
    <patternset refid="excluded.from.module.cocos2dxandroidstore"/>
  </patternset>

  <path id="cocos2dxandroidstore.module.sourcepath">
    <dirset dir="${module.cocos2dxandroidstore.basedir}">
      <include name="src"/>
    </dirset>
  </path>

  <target name="config">

    <property name="config-target-path" value="${basedir}/src/com/soomla/store/"/>

    <!-- Copy the configuration file, replacing tokens in the file. -->
    <copy file="config/StoreConfig.java" todir="${config-target-path}"
          overwrite="true" encoding="utf-8">
     <filterset>
      <filter token="CONFIG.LOGGING" value="${logging}"/>
     </filterset>
    </copy>

    <!-- Now set it to read-only, as we don't want people accidentally
         editing the wrong one. NOTE: This step is unnecessary, but I do
         it so the developers remember that this is not the original file. -->
    <!-- <chmod file="${config-target-path}/StoreConfig.java" perm="-w"/> -->
    <!-- <attrib file="${config-target-path}/StoreConfig.java" readonly="true"/> -->

   </target>

  <target name="compile.module.cocos2dxandroidstore" depends="compile.module.cocos2dxandroidstore.production" description="Compile module cocos2dxAndroidStore"/>

  <target name="compile.module.cocos2dxandroidstore.production" description="Compile module cocos2dxAndroidStore; production classes">
    <mkdir dir="${cocos2dxandroidstore.output.dir}"/>
    <javac destdir="${cocos2dxandroidstore.output.dir}" debug="${compiler.debug}" nowarn="${compiler.generate.no.warnings}" memorymaximumsize="${compiler.max.memory}" fork="true" executable="${module.jdk.bin.cocos2dxandroidstore}/javac">
      <compilerarg line="${compiler.args.cocos2dxandroidstore}"/>
      <bootclasspath refid="cocos2dxandroidstore.module.bootclasspath"/>
      <classpath refid="cocos2dxandroidstore.module.production.classpath"/>
      <src refid="cocos2dxandroidstore.module.sourcepath"/>
      <patternset refid="excluded.from.compilation.cocos2dxandroidstore"/>
    </javac>

    <copy todir="${cocos2dxandroidstore.output.dir}">
      <fileset dir="${module.cocos2dxandroidstore.basedir}/src">
        <patternset refid="compiler.resources"/>
        <type type="file"/>
        <patternset refid="excluded.from.compilation.cocos2dxandroidstore"/>
      </fileset>
    </copy>
  </target>

  <target name="clean.module.cocos2dxandroidstore" description="cleanup module">
    <delete dir="${cocos2dxandroidstore.output.dir}"/>
  </target>
</project>
