<?xml version="1.0" encoding="UTF-8"?>
<project name="module_cocos2dxandroidcore" default="compile.module.cocos2dxandroidcore">
  <dirname property="module.cocos2dxandroidcore.basedir" file="${ant.file.module_cocos2dxandroidcore}"/>

  <property name="module.jdk.home.cocos2dxandroidcore" value="${jdk.home.android}"/>
  <property name="module.jdk.bin.cocos2dxandroidcore" value="${jdk.bin.android}"/>
  <property name="module.jdk.classpath.cocos2dxandroidcore" value="jdk.classpath.android"/>

  <property name="compiler.args.cocos2dxandroidcore" value="-encoding UTF-8 -source 1.6 ${compiler.args}"/>

  <property name="cocos2dxandroidcore.output.dir" value="${module.cocos2dxandroidcore.basedir}/out/production/cocos2dxAndroidCore"/>

  <path id="cocos2dxandroidcore.module.bootclasspath">
    <!-- Paths to be included in compilation bootclasspath -->
  </path>

  <path id="cocos2dxandroidcore.module.production.classpath">
    <path refid="${module.jdk.classpath.cocos2dxandroidcore}"/>
    <pathelement location="${basedir}/../../../submodules/soomla-android-core/build/square-otto-1.3.2.jar"/>
    <pathelement location="${basedir}/../../../submodules/soomla-android-core/build/SoomlaAndroidCore.jar"/>
  </path>

  <path id="cocos2dxandroidcore.runtime.production.module.classpath">
    <path refid="cocos2dxandroidcore.module.production.classpath"/>
    <pathelement location="${cocos2dxandroidcore.output.dir}"/>
  </path>

  <path id="cocos2dxandroidcore.module.classpath">
    <path refid="cocos2dxandroidcore.runtime.production.module.classpath"/>
  </path>

  <path id="cocos2dxandroidcore.runtime.module.classpath">
      <path refid="cocos2dxandroidcore.runtime.production.module.classpath"/>
  </path>


  <patternset id="excluded.from.module.cocos2dxandroidcore">
    <patternset refid="ignored.files"/>
  </patternset>

  <patternset id="excluded.from.compilation.cocos2dxandroidcore">
    <patternset refid="compiler.excluded"/>
    <patternset refid="excluded.from.module.cocos2dxandroidcore"/>
  </patternset>

  <path id="cocos2dxandroidcore.module.sourcepath">
    <dirset dir="${module.cocos2dxandroidcore.basedir}">
      <include name="src"/>
    </dirset>
  </path>

  <target name="config">

    <property name="config-target-path" value="${basedir}/src/com/soomla/core/"/>

    <!-- Copy the configuration file, replacing tokens in the file. -->
    <copy file="config/CoreConfig.java" todir="${config-target-path}"
          overwrite="true" encoding="utf-8">
     <filterset>
      <filter token="CONFIG.LOGGING" value="${logging}"/>
     </filterset>
    </copy>

    <!-- Now set it to read-only, as we don't want people accidentally
         editing the wrong one. NOTE: This step is unnecessary, but I do
         it so the developers remember that this is not the original file. -->
    <!-- <chmod file="${config-target-path}/CoreConfig.java" perm="-w"/> -->
    <!-- <attrib file="${config-target-path}/CoreConfig.java" readonly="true"/> -->

   </target>

  <target name="compile.module.cocos2dxandroidcore" depends="compile.module.cocos2dxandroidcore.production" description="Compile module cocos2dxAndroidCore"/>

  <target name="compile.module.cocos2dxandroidcore.production" description="Compile module cocos2dxAndroidCore; production classes">
    <mkdir dir="${cocos2dxandroidcore.output.dir}"/>
    <javac destdir="${cocos2dxandroidcore.output.dir}" debug="${compiler.debug}" nowarn="${compiler.generate.no.warnings}" memorymaximumsize="${compiler.max.memory}" fork="true" executable="${module.jdk.bin.cocos2dxandroidcore}/javac">
      <compilerarg line="${compiler.args.cocos2dxandroidcore}"/>
      <bootclasspath refid="cocos2dxandroidcore.module.bootclasspath"/>
      <classpath refid="cocos2dxandroidcore.module.production.classpath"/>
      <src refid="cocos2dxandroidcore.module.sourcepath"/>
      <patternset refid="excluded.from.compilation.cocos2dxandroidcore"/>
    </javac>

    <copy todir="${cocos2dxandroidcore.output.dir}">
      <fileset dir="${module.cocos2dxandroidcore.basedir}/src">
        <patternset refid="compiler.resources"/>
        <type type="file"/>
        <patternset refid="excluded.from.compilation.cocos2dxandroidcore"/>
      </fileset>
    </copy>
  </target>

  <target name="clean.module.cocos2dxandroidcore" description="cleanup module">
    <delete dir="${cocos2dxandroidcore.output.dir}"/>
  </target>
</project>
